-- INSERTS PARA PERFIL
INSERT INTO TB_PERFIL (ID, NOME, DESCRICAO, ATIVO) VALUES (1, 'ROLE_ADMINISTRADOR', 'Administrador do sistema', TRUE);
INSERT INTO TB_PERFIL (ID, NOME, DESCRICAO, ATIVO) VALUES (2, 'ROLE_USUARIO', 'Usuário', TRUE);
INSERT INTO TB_PERFIL (ID, NOME, DESCRICAO, ATIVO) VALUES (3, 'ROLE_ATENDIMENTO', 'Atendimento', TRUE);
INSERT INTO TB_PERFIL (ID, NOME, DESCRICAO, ATIVO) VALUES (4, 'ROLE_RESPONSAVEL', 'Responsável', TRUE);

-- INSERTS PARA USUARIOS
INSERT INTO TB_USUARIO (ID, ATIVO, PASSWORD, USERNAME) VALUES (1, TRUE, 'TESTANDO', 'maikoncanuto');
INSERT INTO TB_USUARIO (ID, ATIVO, PASSWORD, USERNAME) VALUES (2, TRUE, 'TESTANDO', 'andressaalves');
INSERT INTO TB_USUARIO (ID, ATIVO, PASSWORD, USERNAME) VALUES (3, TRUE, 'TESTANDO', 'jessicafernandes');
INSERT INTO TB_USUARIO (ID, ATIVO, PASSWORD, USERNAME) VALUES (4, TRUE, 'TESTANDO', 'leonardosantos');

-- INSERTS PARA USUARIOS_PERFIL
INSERT INTO TB_USUARIO_PERFIL (ID_USUARIO, ID_PERFIL) VALUES (1, 1);
INSERT INTO TB_USUARIO_PERFIL (ID_USUARIO, ID_PERFIL) VALUES (1, 2);
INSERT INTO TB_USUARIO_PERFIL (ID_USUARIO, ID_PERFIL) VALUES (2, 2);
INSERT INTO TB_USUARIO_PERFIL (ID_USUARIO, ID_PERFIL) VALUES (2, 4);
INSERT INTO TB_USUARIO_PERFIL (ID_USUARIO, ID_PERFIL) VALUES (3, 3);
INSERT INTO TB_USUARIO_PERFIL (ID_USUARIO, ID_PERFIL) VALUES (3, 2);
INSERT INTO TB_USUARIO_PERFIL (ID_USUARIO, ID_PERFIL) VALUES (4, 4);
INSERT INTO TB_USUARIO_PERFIL (ID_USUARIO, ID_PERFIL) VALUES (4, 2);

-- INSERTS PARA PESSOA
INSERT INTO TB_PESSOA (ID_USUARIO, ATIVO, DATA_NASCIMENTO, NOME, SEXO, SOBRENOME) VALUES (1, TRUE, CURRENT_DATE(), 'MAIKON', 'MASCULINO', 'CANUTO PEDROSA');
INSERT INTO TB_PESSOA (ID_USUARIO, ATIVO, DATA_NASCIMENTO, NOME, SEXO, SOBRENOME) VALUES (2, TRUE, CURRENT_DATE(), 'ANDRESSA', 'FEMININO', 'ALVES');
INSERT INTO TB_PESSOA (ID_USUARIO, ATIVO, DATA_NASCIMENTO, NOME, SEXO, SOBRENOME) VALUES (3, TRUE, CURRENT_DATE(), 'JESSICA', 'FEMININO', 'FERNANDES');
INSERT INTO TB_PESSOA (ID_USUARIO, ATIVO, DATA_NASCIMENTO, NOME, SEXO, SOBRENOME) VALUES (4, TRUE, CURRENT_DATE(), 'LEONARDO', 'MASCULINO', 'GOMES SANTOS');

-- INSERTS DADO BANCARIO
INSERT INTO TB_DADO_BANCARIO (ID, ATIVO, NOME_BANCO, NUMERO_AGENCIA, NUMERO_CONTA, TIPO_CONTA, ID_PESSOA) VALUES (1, TRUE, 'BANCO DO BRASIL', '1299-01', '44500-01', 'CONTA_CORRENTE', 1);
INSERT INTO TB_DADO_BANCARIO (ID, ATIVO, NOME_BANCO, NUMERO_AGENCIA, NUMERO_CONTA, TIPO_CONTA, ID_PESSOA) VALUES (2, TRUE, 'ITAU', '1288-02', '44501-02', 'CONTA_POUPANCA', 2);
INSERT INTO TB_DADO_BANCARIO (ID, ATIVO, NOME_BANCO, NUMERO_AGENCIA, NUMERO_CONTA, TIPO_CONTA, ID_PESSOA) VALUES (3, TRUE, 'SANTANDER', '1277-03', '44502-03', 'CONTA_CORRENTE', 3);
INSERT INTO TB_DADO_BANCARIO (ID, ATIVO, NOME_BANCO, NUMERO_AGENCIA, NUMERO_CONTA, TIPO_CONTA, ID_PESSOA) VALUES (4, TRUE, 'BRADESCO', '1266-04', '44503-04', 'OUTROS', 4);

-- INSERTS DOCUMENTO DA PESSOA
INSERT INTO TB_DOCUMENTO_PESSOA (ID_PESSOA, ATIVO, CPF, DATA_EMISSAO, DATA_EXPEDICAO, ORGAO_EXPEDIDOR, RG) VALUES (1, TRUE, '121.378.421-22', CURRENT_DATE(), CURRENT_DATE(), 'SSP', '18.801.194-8');
INSERT INTO TB_DOCUMENTO_PESSOA (ID_PESSOA, ATIVO, CPF, DATA_EMISSAO, DATA_EXPEDICAO, ORGAO_EXPEDIDOR, RG) VALUES (2, TRUE, '433.294.761-41', CURRENT_DATE(), CURRENT_DATE(), 'SSP', '36.112.607-4');
INSERT INTO TB_DOCUMENTO_PESSOA (ID_PESSOA, ATIVO, CPF, DATA_EMISSAO, DATA_EXPEDICAO, ORGAO_EXPEDIDOR, RG) VALUES (3, TRUE, '976.893.681-90', CURRENT_DATE(), CURRENT_DATE(), 'SSP', '13.146.519-3');
INSERT INTO TB_DOCUMENTO_PESSOA (ID_PESSOA, ATIVO, CPF, DATA_EMISSAO, DATA_EXPEDICAO, ORGAO_EXPEDIDOR, RG) VALUES (4, TRUE, '119.292.901-28', CURRENT_DATE(), CURRENT_DATE(), 'SSP', '43.844.441-3');

-- INSERTS EMAIL
INSERT INTO TB_EMAIL (ID, ATIVO, ENDERECO_EMAIL, EMAIL_PRINCIPAL, ID_PESSOA) VALUES (1, TRUE, 'teste0101@gmail.com', TRUE, 1);
INSERT INTO TB_EMAIL (ID, ATIVO, ENDERECO_EMAIL, EMAIL_PRINCIPAL, ID_PESSOA) VALUES (2, TRUE, 'teste0102@gmail.com', TRUE, 1);
INSERT INTO TB_EMAIL (ID, ATIVO, ENDERECO_EMAIL, EMAIL_PRINCIPAL, ID_PESSOA) VALUES (3, TRUE, 'teste0103@gmail.com', TRUE, 1);
INSERT INTO TB_EMAIL (ID, ATIVO, ENDERECO_EMAIL, EMAIL_PRINCIPAL, ID_PESSOA) VALUES (4, TRUE, 'teste0201@gmail.com', TRUE, 2);
INSERT INTO TB_EMAIL (ID, ATIVO, ENDERECO_EMAIL, EMAIL_PRINCIPAL, ID_PESSOA) VALUES (5, TRUE, 'teste0202@gmail.com', TRUE, 2);
INSERT INTO TB_EMAIL (ID, ATIVO, ENDERECO_EMAIL, EMAIL_PRINCIPAL, ID_PESSOA) VALUES (6, TRUE, 'teste0203@gmail.com', TRUE, 2);
INSERT INTO TB_EMAIL (ID, ATIVO, ENDERECO_EMAIL, EMAIL_PRINCIPAL, ID_PESSOA) VALUES (7, TRUE, 'teste0301@gmail.com', TRUE, 3);
INSERT INTO TB_EMAIL (ID, ATIVO, ENDERECO_EMAIL, EMAIL_PRINCIPAL, ID_PESSOA) VALUES (8, TRUE, 'teste0302@gmail.com', TRUE, 3);
INSERT INTO TB_EMAIL (ID, ATIVO, ENDERECO_EMAIL, EMAIL_PRINCIPAL, ID_PESSOA) VALUES (9, TRUE, 'teste0303@gmail.com', TRUE, 3);
INSERT INTO TB_EMAIL (ID, ATIVO, ENDERECO_EMAIL, EMAIL_PRINCIPAL, ID_PESSOA) VALUES (10, TRUE, 'teste0401@gmail.com', TRUE, 4);
INSERT INTO TB_EMAIL (ID, ATIVO, ENDERECO_EMAIL, EMAIL_PRINCIPAL, ID_PESSOA) VALUES (11, TRUE, 'teste0402@gmail.com', TRUE, 4);
INSERT INTO TB_EMAIL (ID, ATIVO, ENDERECO_EMAIL, EMAIL_PRINCIPAL, ID_PESSOA) VALUES (12, TRUE, 'teste0403@gmail.com', TRUE, 4);

-- select 1 from dual;